CPU,GCC,Clang
generic,,X
generic-rv32,,X
generic-rv64,,X
rocket,,X
rocket-rv32,,X
rocket-rv64,,X
sifive-6-series,,X
sifive-7m-series,,X
sifive-7n-series,,X
sifive-7o-series,,X
sifive-7-series,,X
sifive-8-series,,X
sifive-e20,X,X
sifive-e20r,X,X
sifive-e21,X,X
sifive-e21r,X,X
sifive-e24,X,X
sifive-e24r,X,X
sifive-e31,X,X
sifive-e34,X,X
sifive-e61,X,X
sifive-e61r,X,X
sifive-e76,X,X
sifive-e76m,X,X
sifive-e76n,,X
sifive-e76r,X,X
sifive-p270,X,X
sifive-p270n,X,X
sifive-p400-series,,X
sifive-p450,X,X
sifive-p470,X,X
sifive-p500-series,,X
sifive-p550,X,X
sifive-p600-series,,X
sifive-p650,X,X
sifive-p670,X,X
sifive-s21,X,X
sifive-s21r,X,X
sifive-s51,X,X
sifive-s54,X,X
sifive-s61,X,X
sifive-s61r,X,X
sifive-s76,X,X
sifive-s76m,X,X
sifive-s76n,,X
sifive-s76r,X,X
sifive-u54,X,X
sifive-u64,X,X
sifive-u64r,X,X
sifive-u74,X,X
sifive-u74m,X,X
sifive-u74n,X,X
sifive-u74r,X,X
sifive-x280,X,X
sifive-x280n,X,X
sifive-x280o,X,X
syntacore-scr1-base,,X
syntacore-scr1-max,,X
thead-c906,X,
